{"cameraMode":{"drawMode":0,"name":"Shaded","section":"Shading Mode"},"sceneLighting":false,"audioPlay":false,"sceneViewState":{"m_AlwaysRefresh":false,"showFog":true,"showSkybox":false,"showFlares":true,"showImageEffects":true,"showParticleSystems":true,"showVisualEffectGraphs":true,"m_FxEnabled":true},"in2DMode":false,"pivot":{"x":2.5500001907348635,"y":11.501562118530274,"z":2.5500001907348635},"rotation":{"x":0.011039319448173046,"y":0.9869336485862732,"z":-0.14159280061721803,"w":0.07651577144861222},"size":24.853403091430665,"orthographic":false}