{"cameraMode":{"drawMode":0,"name":"Shaded","section":"Shading Mode"},"sceneLighting":false,"audioPlay":false,"sceneViewState":{"m_AlwaysRefresh":false,"showFog":true,"showSkybox":false,"showFlares":true,"showImageEffects":true,"showParticleSystems":true,"showVisualEffectGraphs":true,"m_FxEnabled":true},"in2DMode":false,"pivot":{"x":1.2596943378448487,"y":25.375120162963868,"z":1.1148579120635987},"rotation":{"x":0.019850606098771097,"y":0.7992223501205444,"z":0.026355966925621034,"w":-0.6001826524734497},"size":22.500560760498048,"orthographic":false}