{"cameraMode":{"drawMode":0,"name":"Shaded","section":"Shading Mode"},"sceneLighting":false,"audioPlay":false,"sceneViewState":{"m_AlwaysRefresh":false,"showFog":true,"showSkybox":false,"showFlares":true,"showImageEffects":true,"showParticleSystems":true,"showVisualEffectGraphs":true,"m_FxEnabled":true},"in2DMode":false,"pivot":{"x":0.19521331787109376,"y":2.6883163452148439,"z":-0.054416656494140628},"rotation":{"x":0.10875189304351807,"y":-0.8891436457633972,"z":0.346856027841568,"w":0.27824124693870547},"size":4.5123066902160648,"orthographic":false}