{"cameraMode":{"drawMode":0,"name":"Shaded","section":"Shading Mode"},"sceneLighting":false,"audioPlay":false,"sceneViewState":{"m_AlwaysRefresh":false,"showFog":true,"showSkybox":false,"showFlares":true,"showImageEffects":true,"showParticleSystems":true,"showVisualEffectGraphs":true,"m_FxEnabled":true},"in2DMode":false,"pivot":{"x":0.00046317579108290374,"y":0.002700007986277342,"z":-0.009784710593521595},"rotation":{"x":-0.20150542259216309,"y":0.7966794967651367,"z":-0.3716604709625244,"w":-0.4319383203983307},"size":0.01016096118837595,"orthographic":false}